Message_ID,Sender_ID,Date,Message_Text
680,5326836592,2024-12-03 07:21:51+00:00,Ok sir üëç
679,1003305711,2024-12-03 07:19:05+00:00,Jinke paas ola hai chahe toh exit kr de! Ya cost to cost nikl jana!!
678,1003305711,2024-12-03 07:18:52+00:00,Mere hisaab se avoid krna chaiye
677,1003305711,2024-12-03 07:18:47+00:00,Ab risk zyda hai isko dekhoge toh
676,1003305711,2024-12-03 07:18:40+00:00,"**Suraksha Diagnostic IPO Day 3 Subscription Figures at 12:00 PM**

QIB 0x

**Application wise**
bHNI 133 0.03x
sHNI 598 0.3x
Retail 126934 0.64x

GMP still not Activated"
675,5326836592,2024-12-03 07:16:25+00:00,@harsh07_1184  sir suraksha diagnostic ipo ke liye apply karna sahi rahega kya ?
674,6467913109,2024-11-29 04:52:58+00:00,Sir suraksha diagnostic ka bhi bata dijie
673,1003305711,2024-11-29 04:22:35+00:00,Congrats to all those who got the ipo! This is why everyone should apply for ipos
672,1003305711,2024-11-29 04:10:15+00:00,"Opening bhdya hai isme! 
But mai long term k liye nhi rkh rha!"
671,1003305711,2024-11-28 03:06:17+00:00,
670,1003305711,2024-11-27 17:42:27+00:00,"**Enviro Infra IPO Allotment Out**

Https://ipo.bigshareonline.com/ipo_status.html"
668,6467913109,2024-11-27 05:08:15+00:00,Chalega kafi hai
667,6467913109,2024-11-27 05:08:10+00:00,1 lot me
666,6467913109,2024-11-27 05:08:08+00:00,Mera bhi 1100 ka profit hua bjai
665,1224580322,2024-11-27 04:54:53+00:00,Kam se kam loss nhi ü•π
664,1224580322,2024-11-27 04:54:41+00:00,I am just thankful ki profit toh hai
663,1224580322,2024-11-27 04:53:18+00:00,ü•≤üò≠üò≠üò≠
662,1224580322,2024-11-27 04:53:12+00:00,"Kya mauj bhai 
303 shares allot hua 
Idhar se itna darr ke gya ki 2400 profit book karke exit kardiya 
Ab hold karta aur 2000 aata"
661,6467913109,2024-11-27 04:52:08+00:00,Mera bhi laga tha bech di
660,6467913109,2024-11-27 04:52:02+00:00,Mauj karo bhai hogya profit
659,1224580322,2024-11-27 04:00:52+00:00,Khatam fir toh ü•≤
658,1003305711,2024-11-27 03:58:30+00:00,"Genesys international 
25% returns done!! 

Yeh share abhi bechne vala nhi hai! Jitne bhi dips dega purchase krenge IT sector me performance achhi rhegi uska fyda ise bhii milega"
657,1003305711,2024-11-27 03:57:45+00:00,Glt ipo lg gya shydüòÖ
656,1224580322,2024-11-27 02:51:55+00:00,Zindagi mein pehli baar koi IPO haath laga hai üòÇüòÇ
655,1224580322,2024-11-27 02:51:34+00:00,Ye NTPC ka listing kitne baje hai ??
654,1003305711,2024-11-25 07:45:43+00:00,As discussed in last class‚Ä¶market achha gapup open hua and then it came down
653,1003305711,2024-11-25 03:40:36+00:00,"Aaj market me bhdya strength hai! 
Most of our stocks are up by 3%+"
652,1003305711,2024-11-24 17:38:55+00:00,You should not consider of zomatos pe ! Consider revenue growth and margin change in such companies!!
651,1003305711,2024-11-24 17:38:21+00:00,Blinkit is owned by zomato now‚Ä¶which is the having the biggest market share fast delivery! And it‚Äôs actually playing a big role in zomato‚Äôs revenue
650,1176521895,2024-11-24 14:52:46+00:00,"sir  zomato's revenue is equal to jsw steel's profit, also the pe ratio of zomato  but it is so valued so high what is your opinion. with other competition like blinkit, big basket do you think zomato can do a sustainable business model"
649,1003305711,2024-11-24 12:51:26+00:00,"Whenever a stock is added to index ‚Ä¶.toh index mutual funds use buy krte hai toh short term bullish hota hai! Bt again depends upon market sentiments.

Filhl Maharashtra election has given a good stimulus to the market ab dekhte hai aage kya hota hai"
648,1176521895,2024-11-24 09:30:06+00:00,Sir zomato added on sensex what's your opinion?
647,989875648,2024-11-22 10:24:36+00:00,‡§ï‡§æ batao
646,989875648,2024-11-22 10:24:33+00:00,Ntpc
645,989875648,2024-11-22 04:56:48+00:00,Any stocks for short term?
644,1176521895,2024-11-21 09:34:21+00:00,"Russia fires intercontinental ballistic missile at Ukraine for first time

https://www.moneycontrol.com/news/world/russia-fires-intercontinental-ballistic-missile-at-ukraine-for-first-time-12872308.html"
643,1003305711,2024-11-19 15:29:17+00:00,If you want you guys can join too for the first 20 mins
642,1003305711,2024-11-19 15:29:05+00:00,https://wise-live.zoom.us/j/94121645311?pwd=rlgq0OYzFcaRGVFYLhDUC43dbehYMI.1
641,1003305711,2024-11-19 15:24:57+00:00,Will share
640,1888947094,2024-11-19 15:20:36+00:00,Link??
639,1003305711,2024-11-19 15:20:00+00:00,"Hello everyone,
I have a class today at 9 
Everyone can join for the first 20mins. We can have a look at the market scenario right now."
638,1003305711,2024-11-18 15:51:26+00:00,"Ek long put 
Apni positions ko hedge krne k liye le skte hai vaise. 
Depending upon porfolio size"
637,1003305711,2024-11-18 15:50:31+00:00,"Still market me weakness lg rhj hai yaha se 5-7% tk fall ar aa skta hai,

Generally december me market does not perform well!  

22000 is a major level!!"
636,989875648,2024-11-18 14:10:53+00:00,
635,1003305711,2024-11-18 06:16:26+00:00,"Garware hitech tgt achieved 30% üöÄüöÄ
Now we will trail SL"
634,1003305711,2024-11-18 04:57:32+00:00,"abhi level retrace kr rha hai watch me rkhna ise 

Interarch building 

1 baje k bad confirmation denge"
633,1003305711,2024-11-18 04:50:53+00:00,Old students will know ki iski buying kaafi neeche hai hmre paas again achhi level me mil rha hai
632,1003305711,2024-11-18 04:50:33+00:00,"New buy 

Websol energy
200ema support pr hai 
Semiconductor stock (is getting benefit from govt policies) 
Stop loss lga kr trade nhi le rha kyoki fundamentally achha hai kaafi !! 
Risk ar return aapka hai (do your own research)"
631,6618442033,2024-11-16 07:29:38+00:00,
630,6913543993,2024-11-14 17:59:01+00:00,I will give you one rupee trade it again and again for a month and give me 5 cr at end of monthüòÇ
627,1003305711,2024-11-14 14:15:37+00:00,Last day FIIs purchased Indian stocks was 26th SEPTEMBER!!
626,1003305711,2024-11-14 08:24:14+00:00,Abhi toh avoid krna achha rhega!
625,1003305711,2024-11-14 08:24:04+00:00,"Poori portfolio 
Jsw holdings ne smbhaal rkhi hai filhl, jis bhi din isne hlki negative move diya poora book kr denge!! 

Baki kai sare stocks achhe levels pr aa gae hai!"
624,6467913109,2024-11-13 14:57:04+00:00,Retail se lagana se Jada acha rahega ki shareholders quota se ?
623,1003305711,2024-11-13 02:24:59+00:00,"BREAKING

ùôâùôèùôãùòæ ùôÇùôßùôöùôöùô£ ùôÄùô£ùôöùôßùôúùôÆ ùôáùôûùô¢ùôûùô©ùôöùôô ùôÑùôãùôä üê¶‚Äçüî•

Date : 19-Nov to 22-Nov-2024
Price : ‚Çπ102 - ‚Çπ108
Lot : 138 Shares
Size : ‚Çπ10,000 Cr
Retail : 10%‚úÖ
Shareholder Quota : ‚Çπ1000Cr‚úÖ
Allotment - 25 Nov
Listing - 27 Nov"
622,5758389679,2024-11-13 02:24:21+00:00,Okay
621,1003305711,2024-11-13 02:24:10+00:00,Wait for today‚Äôs move
620,6895437578,2024-11-12 19:10:44+00:00,What‚Äôs the best buying price?
619,5059928523,2024-11-12 12:52:34+00:00,
618,1856569036,2024-11-12 11:09:52+00:00,
617,1003305711,2024-11-12 03:55:02+00:00,"Averaging up in websol energy today. 
Not a recommendation. 
My buying is at 50% below price."
616,7194576104,2024-11-11 13:31:53+00:00,
615,1871342952,2024-11-11 13:24:17+00:00,
614,7756662554,2024-11-11 13:23:13+00:00,
613,1003305711,2024-11-11 13:09:46+00:00,https://www.paytmmoney.com/blog/41-stock-market-jargon-every-investor-must-know/
612,1949336495,2024-11-11 11:15:13+00:00,
611,1003305711,2024-11-11 04:31:28+00:00,"As per some reports ntpc rhp to be filed today!! 
After getting price band the premiums will be set by the market!!"
610,1003305711,2024-11-10 14:50:52+00:00,
609,6323371581,2024-11-10 11:47:45+00:00,
608,5899262188,2024-11-10 11:20:37+00:00,
607,1574824440,2024-11-10 10:09:02+00:00,
606,8115648449,2024-11-10 09:35:01+00:00,
605,1791077918,2024-11-10 08:46:43+00:00,
604,840541524,2024-11-07 16:13:27+00:00,
603,908651886,2024-11-07 04:01:38+00:00,"New stock market group
Interested person only joinüôè"
602,908651886,2024-11-07 04:01:02+00:00,https://chat.whatsapp.com/IcykHSb6egqF9G43dHtwM7
601,1003305711,2024-11-06 16:58:09+00:00,Nasdaq all time high
600,6467913109,2024-11-06 16:07:21+00:00,Yes pls send thr link
599,1003305711,2024-11-06 15:55:03+00:00,"Yeh group sirf students k liye he rhega!! 
For further learning"
598,1003305711,2024-11-06 15:54:48+00:00,Ya whtsapp me bnata hu
597,1003305711,2024-11-06 15:54:41+00:00,Haaa is br us group me sirf admin message kr paenge
596,802826734,2024-11-06 15:41:36+00:00,Create a group in telegram
595,1888947094,2024-11-06 15:40:54+00:00,Ha
594,1003305711,2024-11-06 15:40:43+00:00,üòµüòµüòµ
593,1003305711,2024-11-06 15:40:40+00:00,Naya vala group bhi gaya
592,1888947094,2024-11-06 14:56:33+00:00,@harsh07_1184 I think You should make a separate grp in telegram
591,6467913109,2024-11-06 14:25:39+00:00,Again delete hogya
590,1282494965,2024-11-06 12:54:45+00:00,
589,1888947094,2024-11-04 17:41:41+00:00,
588,1003305711,2024-11-04 14:49:21+00:00,"Invitation Link

https://chat.whatsapp.com/LtlrCy3QmLv6AWjAVuh4kI

Welcome to Stock Market Gurukul Group!

This group is dedicated to discussions on stock price movements, industry analysis, company analysis, stay updated on market trends and make informed decisions about your investments. Let's discuss strategies to maximize profits in the stock market!

Group Rules:

1. From 8 AM to 9 PM (Mon-Sat), only stock market discussions are allowed in a professional way.

2. No jokes, news posts, or multiple messages during this time.

3. Combine all points in one message.

4. Violating these rules or arguing will result in removal.

*Thank you*
*Shiva Saxena*"
587,908651886,2024-11-04 10:54:11+00:00,Isliye bolta tha jada links bagera share mat karo kisi ne report mara hoga
586,1059845058,2024-11-03 17:20:12+00:00,
585,1003305711,2024-11-03 17:02:34+00:00,"Vrna fir tym leta hai ipo ka ath k bd he move aaega 
Recent: waaree me aisa he hua"
584,1003305711,2024-11-03 17:02:10+00:00,"Affcons ka premium positive hogya 
Suddenly we can see huge demand!! 

Short term k liye sirf do din he hol rkhna hai agr move aana hota hai toh starting k ek do din me aa jata hai"
583,1003305711,2024-11-03 11:42:03+00:00,"Yes again it got closed, I have asked for review from whatsapp. Don‚Äôt leave group as of now."
582,802826734,2024-11-03 11:37:24+00:00,@harsh07_1184
581,802826734,2024-11-03 11:37:05+00:00,Sir has the WhatsApp group been shut down?
580,1003305711,2024-11-01 11:27:49+00:00,"Screener from a book 

(Sales growth > 20% AND
NET BLOCK > Net block 3Years back * 2) 
OR
NET BLOCK +Capital work in progress > 3*(Net block preceding year + Capital work in progress preceding year) AND
 PROFIT GROWTH >2 AND
 Sales growth > 15 AND
 DEBT TO EQUITY < 1 AND
 Market Capitalization >1000 AND
 Return on equity  >2 AND
 Current price > DMA 50 previous day AND"
579,1886806397,2024-10-29 17:25:59+00:00,Uspe toh I guess deposit rate kaam me ayega and NPA
578,1886806397,2024-10-29 17:25:31+00:00,banks me kuch banks hi sirf accha h
577,802826734,2024-10-29 17:24:57+00:00,Banking according to me bro
576,1886806397,2024-10-29 17:20:06+00:00,Which sectors have low debt and good cashflow
575,1886806397,2024-10-29 17:19:45+00:00,cashflow accha h
574,1886806397,2024-10-29 17:19:33+00:00,Like FMCG sector
573,1003305711,2024-10-29 17:17:29+00:00,Mtlb?
572,1886806397,2024-10-29 09:42:20+00:00,Sir cashflow konse sectors me accha h
571,1888947094,2024-10-28 06:51:36+00:00,Ok thanks
570,1003305711,2024-10-28 06:46:46+00:00,"Infra 
Skipper 
It me 
Genesys (medium term) 
Kpit and tata elxsi current rate me bhdya hai 

Ar ek tata investment bht bhdya stock"
569,1888947094,2024-10-28 05:10:03+00:00,Koi long term ke liye accha recommendation hai kya?? In infrastructure and IT sector
568,607070674,2024-10-27 11:35:43+00:00,
567,6607734194,2024-10-22 14:14:40+00:00,
566,1003305711,2024-10-22 05:34:50+00:00,Pr neeche jaega most probably
565,1003305711,2024-10-22 05:34:41+00:00,Hold
564,7523573322,2024-10-22 04:11:28+00:00,hold
563,5758924395,2024-10-22 04:07:18+00:00,Sir hundai ka IPo allot huva h sell Karu ya hold karu
562,6283828886,2024-10-19 01:41:22+00:00,
561,7775045548,2024-10-18 12:27:48+00:00,
560,1003305711,2024-10-16 13:30:40+00:00,"KEc international, 
Keep an eye on the stock"
559,1672767664,2024-10-16 13:19:11+00:00,
558,5262621141,2024-10-15 14:16:17+00:00,
557,5262621141,2024-10-15 14:13:01+00:00,
556,2033615802,2024-10-12 09:38:25+00:00,
555,1348520899,2024-10-10 18:50:24+00:00,
554,6293240145,2024-10-10 13:10:02+00:00,
553,1990053412,2024-10-10 12:49:23+00:00,
552,6584753584,2024-10-10 12:27:46+00:00,
551,5572962890,2024-10-10 12:05:08+00:00,
550,5897230409,2024-10-10 12:02:34+00:00,
549,6414404633,2024-10-10 11:54:34+00:00,Did anyone apply for Garuda constructions??.. it's closed now .
548,7253204407,2024-10-10 11:53:28+00:00,Grey market premium only 8%
547,6414404633,2024-10-10 11:52:20+00:00,Yess üôèüèª
546,6414404633,2024-10-10 11:52:02+00:00,
545,6372106803,2024-10-10 11:46:00+00:00,
544,1328679504,2024-10-10 11:24:35+00:00,
543,6484306876,2024-10-10 11:24:02+00:00,
542,1003305711,2024-10-09 20:03:47+00:00,Will make a full analysis video
541,1003305711,2024-10-09 20:03:32+00:00,"Will let everyone know. 
Don‚Äôt worry"
540,1888947094,2024-10-09 13:26:14+00:00,Nah
539,7253204407,2024-10-09 13:26:07+00:00,Did sir comment on Hyundai Ipo?
538,7253204407,2024-10-09 13:25:52+00:00,Okay
537,1888947094,2024-10-09 13:25:45+00:00,Wait for a while
536,1888947094,2024-10-09 13:25:31+00:00,Nooe
535,7253204407,2024-10-09 13:25:15+00:00,Anyone applying for Hyundai IPO?
534,1410754459,2024-10-08 12:56:58+00:00,
533,1888947094,2024-10-08 12:40:24+00:00,
532,5660376599,2024-10-08 12:19:32+00:00,
531,2072458211,2024-10-08 11:52:30+00:00,
530,1478636819,2024-10-08 11:52:10+00:00,
529,950014770,2024-10-06 07:18:01+00:00,
527,1176521895,2024-10-06 03:41:19+00:00,Sir tata motors is around 20% down from the high can we buy it now
526,1571915876,2024-10-02 14:36:47+00:00,
525,1003305711,2024-09-28 09:08:50+00:00,"[2:37 pm, 28/9/2024] Harsh: https://www.bseindia.com/corporates/Forth_Results.html

Everyone, Keep an eye on the quarterly results of the stocks that you are holding.

Midcap and small cap is not giving any move, and if you want same alpha you you better prefer niftybees, which is eventually very important for a balanced portfolio.  

Now these result will decide the move of the midcap and small caps 
Previous stocks that I have suggested to keep an eye on:

Garware Hitech 
Sterling wilson 
Hpl electric
Genus power 

All the stocks almost up by 100% in last 1 year that's why results play a very important role (exception Sterling) 

New stocks that should be in your portfolio 
Tata elxsi (new funds) + It sector move
[2:38 pm, 28/9/2024] Harsh: Also do study: 
E2E network 
Pondy oxides 

From the recent listings 
Premier energies and Ola electric"
524,1003305711,2024-09-26 14:11:29+00:00,
523,802826734,2024-09-26 07:02:33+00:00,The strength looks good
522,802826734,2024-09-26 07:02:16+00:00,Sir any views on ABFRL for swing position
521,1003305711,2024-09-26 06:52:02+00:00,"Yes, justvkeep an eye on volumes levels!!"
520,802826734,2024-09-26 04:39:04+00:00,Sir can we still take the risk for 10-20%
519,1003305711,2024-09-26 04:34:30+00:00,"Rpower is now in most bought on grow, and whenever retailer starts purchasing a stock! The chances that the stock will underperform is. High!"
518,1003305711,2024-09-24 17:00:38+00:00,https://www.instagram.com/reel/C-5EEifPhFt/?igsh=cnB6eGo4bTJsMnV2
517,1003305711,2024-09-24 16:58:48+00:00,No prob
516,1224580322,2024-09-24 15:05:50+00:00,Sir how to buy unlisted stocks if you could show through any video or any reel of yours then it would be really helpful
515,821640333,2024-09-24 13:25:16+00:00,Obviously üòÇ
514,1003305711,2024-09-24 11:18:51+00:00,"Aarti drugs ka ek share mazak me liya tha buyback me 
500 ka 
Received 900 in account today!! 

Agli baar se acche buy backs ki details du?"
513,1090275592,2024-09-23 12:25:03+00:00,
512,6825440208,2024-09-23 10:25:44+00:00,
511,1003305711,2024-09-23 10:13:26+00:00,Sb log whatsapp join kr lo udhr he details dedunga‚Ä¶.yeh grp ko save me rkhte hai in case something goes wrong!!
510,1224580322,2024-09-23 08:43:48+00:00,"Krn looks good to me 
Thats because i plan to invest in it üòÇüòÇ"
509,802826734,2024-09-23 08:42:31+00:00,Sir any views on these 2 IPOS
508,802826734,2024-09-23 08:42:19+00:00,
507,1003305711,2024-09-23 06:01:14+00:00,You can  book partial profit now.
506,1003305711,2024-09-23 06:00:52+00:00,Wait now.
505,6467913109,2024-09-23 05:49:21+00:00,Sir bike wo green tech limited?
504,6895437578,2024-09-23 04:50:14+00:00,Sir what about manba finance?
503,1167139752,2024-09-22 09:03:47+00:00,
502,7187660796,2024-09-22 07:28:56+00:00,
501,802826734,2024-09-21 18:28:29+00:00,Request sent sir
500,1003305711,2024-09-21 18:27:50+00:00,
499,1003305711,2024-09-21 18:27:46+00:00,"https://chat.whatsapp.com/Gp9DtF6Vi7uA7tl0rEe8Ed

Due to chances of telegram closing please join this whatsapp group!"
498,1003305711,2024-09-21 14:22:51+00:00,Not a recommendation just for study purpose!
497,1003305711,2024-09-21 14:22:35+00:00,"Ntpc can be a good buy,
From what I have noticed parent companies do well during the time of ipo of their subsidary company!"
496,1003305711,2024-09-21 05:58:42+00:00,"Latest GMP

Northern 134 (51%)
Arkade 63(49%)"
495,5326836592,2024-09-21 04:29:53+00:00,2 accounts se kiya ek account mei mil gaya allotment northern arc
494,6055695103,2024-09-21 04:09:12+00:00,"Same bruhhh...
Mene bhi 3 account se apply kra tha dono me....üòï
Ek bhi nii Mila kisi me bhiüò≠üò≠üò≠"
493,802826734,2024-09-21 04:06:22+00:00,5 account se kiya not one got allowed üò≠
492,7203111982,2024-09-21 04:03:09+00:00,
491,1003305711,2024-09-21 03:26:17+00:00,"Northern Arc Capital IPO Allotment 
https://kprism.kfintech.com/ipostatus/

Arkade Developers IPO Allotment

https://ipo.bigshareonline.com/IPO_Status.html"
490,6895437578,2024-09-20 18:51:36+00:00,What strategy sir?
489,6055695103,2024-09-20 18:51:09+00:00,"Ya.... That's why.... I skipped it...

I Applied in Northern Arc and Arkade....
Let's see What happens...."
488,1003305711,2024-09-20 18:51:09+00:00,"Before rhp is filed, and no one knows when they will file rhp"
487,7253204407,2024-09-20 18:50:33+00:00,Sir HDFC is comming out with an ipo when is the last day to buy HDFC bank share for share holder quoata??
486,802826734,2024-09-20 18:50:32+00:00,When will the northern arc allotment come out?
485,1003305711,2024-09-20 18:49:46+00:00,Yes its little risky!
484,7253204407,2024-09-20 18:49:03+00:00,Is the strategy applying from multiple pan cards??
483,6055695103,2024-09-20 18:48:35+00:00,I skipped this IPO
482,1003305711,2024-09-20 18:48:03+00:00,"I got 1 allotmentüòå, using the same strategy that I discussed"
481,1003305711,2024-09-20 18:47:31+00:00,
480,1003305711,2024-09-20 18:43:59+00:00,"Western Carriers IPO Allotment Out

https://linkintime.co.in/initial_offer/"
479,1003305711,2024-09-20 13:29:38+00:00,Due to interest cut fiis have invested heavily in india (emerging market)
478,1003305711,2024-09-20 13:29:16+00:00,Already told u!!
477,1003305711,2024-09-20 13:28:48+00:00,
476,1003305711,2024-09-20 13:26:34+00:00,"Buy one share of hdfc now. 
No one knows when rhp will be filed! 
Same as bajaj many will miss it!!"
475,1003305711,2024-09-20 13:25:31+00:00,
474,1003305711,2024-09-20 13:25:25+00:00,"**Board Approval of HDB Financial Services for IPO**

IPO Size : ‚Çπ2500 Cr + OFS

Shareholder Quota : Yes

Parent Company : HDFC Bank"
473,1003305711,2024-09-20 13:25:21+00:00,Will check‚Ä¶quite busy these days!!!
472,1003305711,2024-09-20 13:25:12+00:00,"**BREAKING

GMP Activated in NTPC Green

Started at 7

Latest GMP is 13 üî•üî•

85% Rise in 10 minutes**"
471,6413562141,2024-09-20 12:48:41+00:00,
470,6895437578,2024-09-20 11:08:35+00:00,Sir how many days should we hold skippers?
469,1003305711,2024-09-20 10:39:31+00:00,"During the last 20mins,

There has been an extensive fund buying in the market!!"
468,1745966676,2024-09-20 09:55:12+00:00,
467,6533373993,2024-09-19 14:45:29+00:00,
466,5544221484,2024-09-19 08:48:35+00:00,[..](tg://user?id=1003305711) NHPC trading at 92...is it a good buy?
465,7005667361,2024-09-19 07:29:14+00:00,
464,1003305711,2024-09-19 04:46:53+00:00,Buy 1 share of ntpc
463,1003305711,2024-09-19 02:21:13+00:00,"NTPC Green Energy Files DRHP for ‚Çπ10,000 Crore IPO, Reserving 10% for NTPC Shareholders"
462,1003305711,2024-09-18 18:14:49+00:00,"Fed cuts rate by .5% after 4 years 

Kal toh gapup!"
461,589424419,2024-09-18 18:13:25+00:00,Whether to hold or sell
460,589424419,2024-09-18 18:13:14+00:00,Can someone provide view on deepak nitrite
459,1003305711,2024-09-18 18:11:05+00:00,Will review once
458,7253204407,2024-09-18 10:38:51+00:00,27% loss
457,7253204407,2024-09-18 10:38:29+00:00,Sir views on IRFC? I have 600 qty @218
456,1003305711,2024-09-18 10:23:29+00:00,Absolutely! But go for longer term
454,690744386,2024-09-18 08:20:28+00:00,
453,1003305711,2024-09-18 06:26:14+00:00,"**Latest GMP**

Northern Arc 202 (77%)

Application Rates 
bHNI 4300 (New High)


Arkade 85 (66%)
Western 50 (29%)


Apply for all the three ipos 

Only western is risky although am applying for all"
452,1003305711,2024-09-17 08:39:19+00:00,Uc lgya just
451,1003305711,2024-09-17 08:39:06+00:00,Jinko ola khareedna hai voh current levels pr buy shuru kr skte hai!
450,802826734,2024-09-17 07:14:43+00:00,Okay sir
449,1003305711,2024-09-17 07:13:49+00:00,Risk management is the key!! üîë
448,1003305711,2024-09-17 07:13:37+00:00,"See still stock can good move toh hmesha 
Thoda buy krna suggested hota hai"
447,1003305711,2024-09-17 07:13:17+00:00,"200 tk jaa skta hai value toh hai drhp k hisaab se !! 
Growth bhi achhi hai company ki bt generally aise ipos thoda ruke toh strong hote hai"
446,802826734,2024-09-17 07:13:10+00:00,Will wait then sir
445,1003305711,2024-09-17 07:12:45+00:00,I feel a little consolidation would have been good‚Ä¶vrna ola ki trh isme bhi stuck ho skte hai
444,802826734,2024-09-17 06:57:54+00:00,Should we buy the stock if not gotten allotment
443,1003305711,2024-09-17 06:57:43+00:00,Ar philip capital ki report ne buying dii hai tgt 210 ka
442,638140446,2024-09-17 06:57:32+00:00,Okay sir
441,1003305711,2024-09-17 06:57:25+00:00,200rs tk jaa skta hai
440,1003305711,2024-09-17 06:57:17+00:00,Agr hai toh hold rkho filhl
439,5326836592,2024-09-17 05:52:41+00:00,Sir Bajaj housing finance  ko hold karna ya sold
438,6225968070,2024-09-17 05:15:38+00:00,
437,1003305711,2024-09-17 04:38:56+00:00,new buying range is 750
436,1003305711,2024-09-17 04:38:48+00:00,"PN gadgil ko hold kr rhe .....
achha share hai"
435,1003305711,2024-09-16 19:22:17+00:00,"From tomorrow 
There are changes in listing of ipos 
Now Ipos will get listed at any time between 9:35-9:45. 

This will reduce the power of operators! As now the opening timings will not be confirmed.‚úÖ"
434,1003305711,2024-09-16 16:20:40+00:00,"As per valuations: 

Kross is undervalued"
433,7075227284,2024-09-16 15:52:05+00:00,
431,1003305711,2024-09-16 11:51:50+00:00,I will apply in all
430,1003305711,2024-09-16 11:51:44+00:00,All the ipos are looking good as of now
429,6055695103,2024-09-16 11:34:41+00:00,Should We invest in western Carrier Or Not??
428,802826734,2024-09-16 11:34:10+00:00,Or what sir ?
427,802826734,2024-09-16 11:34:04+00:00,Sir so northern arc IPO can give good returns
426,1003305711,2024-09-16 11:32:33+00:00,"**Bajaj Housing Finance IPO‚Äôs Bumper Listing Impact on other IPOs**

GMP Surges

Western 62(36%) (New High)
Northern Arc 175 (66.5%) (New High)
Arkade 83 (65%) (New High)
PNGJ 309 (64%)"
425,1003305711,2024-09-16 11:32:20+00:00,"**BREAKING**

NTPC GREEN ENERGY LIKELY TO FILE IPO SOON - CNBCTV18

Parent Company : NTPC"
424,1003305711,2024-09-16 07:38:19+00:00,Will update
423,802826734,2024-09-16 07:37:46+00:00,Sir should we for this IPO ?
422,1003305711,2024-09-16 06:13:08+00:00,Doneüî•üî•
421,1003305711,2024-09-16 06:06:38+00:00,Trend shi hai‚Ä¶but 25% i guess you should book
420,6055695103,2024-09-16 05:24:28+00:00,??
419,6055695103,2024-09-16 05:24:25+00:00,Should I sell 25% or 50%
418,6055695103,2024-09-16 05:24:06+00:00,What should I do now....
417,7253204407,2024-09-16 05:23:46+00:00,125% listing gains‚Ä¶Gg to everyone who got it
416,6055695103,2024-09-16 05:22:12+00:00,"Bajaj Housing Got Listed....
It's 125.77% right now...!!!"
415,1003305711,2024-09-15 12:03:49+00:00,"https://www.instagram.com/reel/C_7YG6bP_1M/?igsh=NjQ5Y2NtZGZjbXU=



My strategy on bajaj (a lot depends upon opening as well)"
414,1003305711,2024-09-15 12:03:28+00:00,Profit booking
413,821640333,2024-09-15 11:19:17+00:00,Any Reason for fall in GMP?
412,1003305711,2024-09-15 11:18:14+00:00,"Continuous fall in grey market premium for bajaj housing 
98.6% right now"
411,1003305711,2024-09-14 17:58:35+00:00,"TO all the old students do analyze 

Eco Recycling Ltd 
Do share your insights here"
410,1003305711,2024-09-14 17:45:52+00:00,"**GMP Activated in Northern Arc Capital IPO **

Started at 50 (19%)
Latest GMP 121 (46%)

Doubled in less than 1hr"
409,638140446,2024-09-14 15:03:46+00:00,I got 2 allotment in bajaj
408,1003305711,2024-09-14 15:03:35+00:00,Will update
407,638140446,2024-09-14 15:01:13+00:00,What about this?
406,638140446,2024-09-14 15:01:08+00:00,
405,638140446,2024-09-14 15:01:08+00:00,
404,1003305711,2024-09-14 09:20:46+00:00,"LG Electronics in South Korea has chosen a group of banks, including Citi, Bank of America, JP Morgan, and Morgan Stanley, to manage its upcoming initial public offering (IPO) in India, which aims to raise $1-1.5 billion (approximately ‚Çπ8,400-12,600 crore). The company is expected to file its draft red herring prospectus (DRHP) next month,"
403,1035256396,2024-09-14 06:25:22+00:00,
402,1003305711,2024-09-14 03:02:00+00:00,"**PN Gadgil Jewellers IPO Allotment Out 
**
https://ipo.bigshareonline.com/IPO_Status.html"
401,6095190402,2024-09-13 13:16:02+00:00,
400,1003305711,2024-09-13 07:29:30+00:00,As per allotment data close to 15L Retail application got rejected in Bajaj Housing Finance IPO
399,1003305711,2024-09-13 05:44:58+00:00,"https://www.instagram.com/reel/C_Nmq8hvkHt/?igsh=MWFrMnZvMGthYTM0bQ==


Do watch this video to know about other ipos where shareholder quota will be applicable"
398,1003305711,2024-09-13 05:17:46+00:00,Yes
397,6265259762,2024-09-13 05:00:13+00:00,Now can we sell parent company (bajaj finance) share?
396,1003305711,2024-09-13 04:56:35+00:00,
395,1003305711,2024-09-13 04:25:57+00:00,"Shareholder me apply krne k liye ek share liya tha isne hee achhe returns dediye! 

This is what happened with tata motors as well!!

Ipo aane se phle parent company ka share achha perform krte hai (mostly)"
394,1003305711,2024-09-13 04:20:21+00:00,
393,1003305711,2024-09-13 04:19:45+00:00,See there are no of ipos in the pipeline for which shareholder quota will be applicable
392,1003305711,2024-09-13 04:17:20+00:00,Shared the same strategy with all of you
391,589424419,2024-09-13 04:17:11+00:00,Ek bhi nHi mila
390,589424419,2024-09-13 04:17:05+00:00,Nice
389,1003305711,2024-09-13 04:16:59+00:00,Got alloted in shareholder quota
388,1003305711,2024-09-13 04:16:52+00:00,I applied for retail 1 lot  and shareholder 13 lots
387,6012735391,2024-09-13 04:04:34+00:00,What about kross
386,5326836592,2024-09-13 03:55:47+00:00,I too got Bajaj ipo in retail without holding share
385,7253204407,2024-09-13 03:44:16+00:00,Oh
384,6055695103,2024-09-13 03:43:56+00:00,"I applied from 3 different accounts..
Sharehorder quota in 1st account 
Remaining 2 from retail quota....

But instead of getting ipo from shareholder quota I got allotment from retail quota...."
383,,2024-09-13 03:42:12+00:00,nopes
382,6055695103,2024-09-13 03:42:02+00:00,"Why this emoji....??
You got alloted or not??"
381,7253204407,2024-09-13 03:41:41+00:00,U applied in retail or share holders quota??
380,,2024-09-13 03:40:57+00:00,Lucky you ü•≤
379,6055695103,2024-09-13 03:39:51+00:00,I got IPO of Bajaj HF...
378,6821819309,2024-09-13 03:37:10+00:00,Didn‚Äôt get
377,1003305711,2024-09-13 03:24:48+00:00,"Greatüôå
Lets see opening : 
I would go gor immediately sale as of now"
376,1003305711,2024-09-13 03:23:44+00:00,"Good allotment rate in dhareholder quota!! 

That‚Äôs why I asked to apply for shareholder quota earlier"
375,7253204407,2024-09-13 03:17:59+00:00,Didn‚Äôt getüò¢
374,589424419,2024-09-13 02:48:34+00:00,Dukh dard pida
373,821640333,2024-09-13 02:29:43+00:00,..
372,5758924395,2024-09-13 02:13:23+00:00,Didn't get
371,6674454253,2024-09-13 02:10:50+00:00,Didn‚Äôt get
370,,2024-09-13 02:09:55+00:00,Bajaj IPO
369,,2024-09-13 02:09:46+00:00,https://ris.kfintech.com/ipostatus/
368,6674454253,2024-09-13 01:23:23+00:00,How can I check ?
367,821640333,2024-09-13 01:07:21+00:00,"Hii harsh,
I got the IPO of Bajaj housing finance 
So can you help me , whether I Should hold it for 2-3 days for great profit, or should I sell it immediately??"
366,1003305711,2024-09-12 17:25:44+00:00,I guess ab late night aega!
365,1003305711,2024-09-12 17:25:30+00:00,"**Kross IPO Allotment Out **

https://evaultop.kfintech.com/ipostatus/"
364,6674454253,2024-09-12 13:38:34+00:00,M waiting
363,6674454253,2024-09-12 13:38:20+00:00,I bought it
362,7253204407,2024-09-12 13:37:55+00:00,Sir Allotment was going to happen after 6 pm right? Have u got the allotment of Bajaj?
361,1003305711,2024-09-12 09:05:58+00:00,Tata motors ab yaha se buy krna shuru kr skte hai!!
360,6480079037,2024-09-12 07:25:21+00:00,Done
359,589424419,2024-09-12 06:43:20+00:00,Done
358,1003305711,2024-09-12 06:42:16+00:00,**Apply for PN gadgil IPO**
357,5900480670,2024-09-12 06:30:35+00:00,
356,5059417633,2024-09-12 04:46:18+00:00,
355,6889367036,2024-09-11 13:55:54+00:00,
354,802826734,2024-09-11 13:36:16+00:00,No I already have I want to avg up now that's why I was asking
353,1681156173,2024-09-11 13:27:56+00:00,Bro you are late
351,802826734,2024-09-11 07:50:28+00:00,For LONG TERM
350,802826734,2024-09-11 07:50:02+00:00,Sir is a good time to buy more shares of SUZLON ?
349,5661351392,2024-09-11 07:34:40+00:00,
348,1003305711,2024-09-11 06:18:44+00:00,"**IPO Subscriptions at 11:40AM**

**Kross**

QIB 3.1Cr 0.03x

bHNI 2732 1.14x
sHNI 9371 7.81x
Retail 666379 5.67x

GMP 50 (21%)


**Tolins**

QIB 95.73Cr 2.08x

bHNI 1455 1.32x
sHNI 6739 11.58x
Retail 13.94x

GMP 39(17%)"
347,1003305711,2024-09-11 05:39:14+00:00,"Bajaj housing GMP >100% chla gya tha, yesterday evening. Right now it is 99%"
346,1003305711,2024-09-11 05:29:07+00:00,"Out of these 4 ipos,
FIrst apply for Bajaj housing and then for PN gadgil 
Will get good returns in both

Kross and tolins are risky (smart bazar scenario can happen over here) tha's why I would suggest to avoid this one."
345,1003305711,2024-09-11 04:21:19+00:00,"Shree Tirupati Balajee IPO Allotments-

https://linkintime.co.in/Initial_Offer/public-issues.html"
344,7318773521,2024-09-10 21:31:11+00:00,
343,1003305711,2024-09-10 13:46:51+00:00,
342,1003305711,2024-09-10 13:46:42+00:00,"https://www.instagram.com/reel/C_vESVePLGS/?igsh=MTBreHYwemxvb2loag==


For all those applying for ipos make sure to avoid these mistakes"
341,5882065460,2024-09-10 11:40:36+00:00,
340,1878040869,2024-09-10 11:30:34+00:00,
339,7494972043,2024-09-10 08:09:57+00:00,
338,7418522831,2024-09-10 01:06:27+00:00,
337,7009310695,2024-09-09 19:44:00+00:00,
336,1003305711,2024-09-09 17:05:17+00:00,"Greaves Cotton 
Looks good for a small tgt of its near high of 185, keep in your watchlist only"
335,1003305711,2024-09-09 16:03:59+00:00,
334,1003305711,2024-09-09 16:03:52+00:00,"Tgt achieved ü•≥
5 days 50% return!!"
333,6463501750,2024-09-09 15:33:20+00:00,
332,6376057189,2024-09-09 15:32:04+00:00,
331,7163753049,2024-09-09 15:31:07+00:00,
330,7418995616,2024-09-09 15:29:47+00:00,
329,1127332366,2024-09-09 15:28:45+00:00,
328,5932032332,2024-09-09 15:20:47+00:00,
327,1003305711,2024-09-09 14:50:02+00:00,"Latest GMP

Bajaj 64 (91%)
Kross 48 (20%) GMP Started
Tolins 39 (17%)"
326,7433895527,2024-09-09 13:45:08+00:00,
325,1768234781,2024-09-09 13:41:56+00:00,
324,5335442846,2024-09-09 09:04:02+00:00,
323,7253204407,2024-09-09 07:05:33+00:00,"Applied for 3 lots of Bajaj Housing, let‚Äôs hope I get itü§û"
322,7253204407,2024-09-09 06:57:13+00:00,Sir What about KPI green and IRFC? I have heavy losses in both
321,1003305711,2024-09-09 05:18:49+00:00,Although this stock is a long term stock but we should book some profits
320,1003305711,2024-09-09 05:18:18+00:00,"1190 today only, 
I feel we should book 30-40% profit"
319,1163626582,2024-09-09 04:26:36+00:00,
318,6895437578,2024-09-09 04:19:14+00:00,Sir will premier energies go till 1200 or 1300?
317,7253204407,2024-09-09 03:54:11+00:00,It was at all time high
316,5544221484,2024-09-09 03:53:22+00:00,Why Market is going in this trend ?
315,7391274253,2024-09-08 17:50:45+00:00,
314,7210668348,2024-09-08 15:06:48+00:00,
313,7501186299,2024-09-08 13:49:33+00:00,
312,7331480891,2024-09-08 13:27:33+00:00,
311,6368219938,2024-09-08 11:37:24+00:00,
310,7523573322,2024-09-08 10:46:55+00:00,
309,7498955561,2024-09-08 09:25:08+00:00,
308,6820158649,2024-09-08 09:05:02+00:00,
307,5861130007,2024-09-08 08:16:44+00:00,
306,5453040094,2024-09-08 07:54:24+00:00,
305,6063562073,2024-09-08 07:53:47+00:00,
304,1003305711,2024-09-08 07:52:29+00:00,"**Bajaj Housing Finance IPO **

Latest GMP 52.5 (75%)

Application Rates
bHNI 22500
Retail 2700
Shareholder 8500"
303,7094196770,2024-09-08 07:09:39+00:00,
302,6996559140,2024-09-08 07:04:45+00:00,
301,1224580322,2024-09-08 07:04:19+00:00,
300,1384729427,2024-09-08 07:04:04+00:00,
299,5695866595,2024-09-08 06:16:29+00:00,
298,1681156173,2024-09-08 06:10:27+00:00,
297,6821819309,2024-09-08 06:03:46+00:00,
296,5673512176,2024-09-08 06:01:39+00:00,
295,5419196352,2024-09-08 05:44:16+00:00,
294,6055695103,2024-09-08 05:31:11+00:00,
293,7253204407,2024-09-08 05:22:44+00:00,
292,6782624424,2024-09-08 05:20:14+00:00,
291,6414404633,2024-09-08 05:19:03+00:00,
290,7494344867,2024-09-08 05:11:58+00:00,
289,5067324151,2024-09-08 04:58:18+00:00,
288,6410967492,2024-09-08 04:57:33+00:00,
287,6413562141,2024-09-08 04:52:50+00:00,
286,6071866784,2024-09-08 04:51:51+00:00,
285,1212000922,2024-09-08 04:50:37+00:00,
284,7044846663,2024-09-08 04:50:18+00:00,
283,1488592782,2024-09-08 04:43:58+00:00,
282,6827199561,2024-09-08 04:43:13+00:00,
281,5958082427,2024-09-08 04:43:00+00:00,
280,5555197314,2024-09-08 04:42:49+00:00,
279,1187412589,2024-09-08 04:41:28+00:00,
278,1365521637,2024-09-08 04:41:04+00:00,
277,6467913109,2024-09-08 04:41:00+00:00,
276,5592772166,2024-09-08 04:40:53+00:00,
275,6225817663,2024-09-07 07:48:38+00:00,
274,1003305711,2024-09-06 17:07:33+00:00,Jisse ki you guys can apply in retail as well as shareholder quota
273,1003305711,2024-09-06 17:07:05+00:00,I have already told everyone to apply in this ipo‚Ä¶tbhi ek ek share lene ko bola tha
272,1565932991,2024-09-06 17:05:10+00:00,
271,638140446,2024-09-06 14:46:07+00:00,How about this ipo?
270,6913543993,2024-09-06 11:53:55+00:00,[..](tg://user?id=1003305711) sir is doing cfa really worth it in Indian job market there is so much clout in internet singing fame of cfa
269,6913543993,2024-09-06 06:21:00+00:00,
268,802826734,2024-09-06 06:13:37+00:00,Aaj he exit mil jayega lagta hai
267,1003305711,2024-09-06 03:51:02+00:00,Short term traders can exit at 1200-1300
266,6674454253,2024-09-06 01:55:21+00:00,Can we buy today ?
265,1003305711,2024-09-05 17:42:01+00:00,"Will inform tomorrow, need to check the demand tomorrow"
264,6480079037,2024-09-05 17:41:17+00:00,[Harsh Abhi](tg://user?id=1003305711)
263,6674454253,2024-09-05 17:40:54+00:00,Should I buy this ?
262,6674454253,2024-09-05 17:40:11+00:00,
261,1003305711,2024-09-05 17:20:50+00:00,"**Latest GMP**

Bazaar Style 41 (11%) New Low

Listing Tomorrow"
260,1003305711,2024-09-05 16:12:17+00:00,Well done
259,6480079037,2024-09-05 12:07:55+00:00,
258,,2024-09-05 10:03:03+00:00,Thanks For this call [harsh](tg://user?id=1003305711) Just got almost 20% Returns in 1 day
257,1003305711,2024-09-05 09:54:49+00:00,
256,808969988,2024-09-05 09:52:13+00:00,
255,1003305711,2024-09-05 09:38:59+00:00,20% UC TODAYüíØüíØüî•üî•üî•
254,1172672744,2024-09-05 02:41:48+00:00,"Bazaar Style IPO Allotment Out

https://linkintime.co.in/Initial_Offer/public-issues.html"
253,1172672744,2024-09-05 02:41:48+00:00,Should we hold this?
252,1003305711,2024-09-04 19:34:09+00:00,"Bazaar Style IPO Allotment Out

https://linkintime.co.in/Initial_Offer/public-issues.html"
251,1003305711,2024-09-04 07:11:09+00:00,I am investing‚Ä¶you can take your decision after analyzing
250,1003305711,2024-09-04 07:10:51+00:00,Yes.
249,6895437578,2024-09-04 07:10:10+00:00,So we can invest in this?
248,1003305711,2024-09-04 06:34:18+00:00,"Apply for gala 
Small ipo therefore low chances of allotment"
247,1003305711,2024-09-04 05:05:07+00:00,"Premier energies iska ipo kal aaya tha

Aaj 815 me open hua vaha pr maine kaha tha ki yaha se yeh upr jana chaiye kyoki iski fair value 1200rs aati hai 
And second reason ki renewable market me jb bhi koi ipo list hota hai 1-2 maheene me achhe returns deta hai 
Ex: 
Ola
Ireda"
246,6895437578,2024-09-04 04:36:24+00:00,Sir samaj nahi aya?
245,1003305711,2024-09-04 03:52:38+00:00,
244,1003305711,2024-09-04 03:33:29+00:00,"Premier energies 
Fair value 1200-1300 bnti hai 
Dekhna chaiye aaj morning me"
243,1003305711,2024-09-03 18:03:03+00:00,"Latest GMP

Bajaj 45 (64%)
Eco 126 (38%)"
242,1003305711,2024-09-03 14:20:50+00:00,"Do check pharma sector stocks!! 

We discussed sun pharma 
And cipla in the latest batch only!!"
241,1003305711,2024-09-03 07:56:44+00:00,Last 2nd class I discussed - garware hitech üíØüíØ
240,1003305711,2024-09-03 07:44:30+00:00,"Bazaar style me risk hai pr apply kr skte hai 10% tk premium mil jana chaiye

Those who can take risk vahi apply kre"
239,1003305711,2024-09-03 07:41:46+00:00,"20-30days, possible"
238,1003305711,2024-09-03 07:41:36+00:00,"Sudden Fall in all the GMP

Eco Mobility 110 (33%), Last 160

Bazaar Style 47 (12%) 

Bajaj 49 (70%)"
237,6895437578,2024-09-03 07:29:17+00:00,Till when can we hold it?
236,6895437578,2024-09-03 07:23:37+00:00,Okay sir
235,589424419,2024-09-03 07:23:19+00:00,Bajaj and another konsa ipo kaha tha harsh apne
234,1003305711,2024-09-03 07:19:49+00:00,Yes.
233,6895437578,2024-09-03 07:18:47+00:00,We can get it today?
232,1003305711,2024-09-03 05:50:14+00:00,
231,1003305711,2024-09-03 05:49:51+00:00,"Bajaj Housing Finance IPO Complete Details

GMP 55.5 (79%)"
230,1003305711,2024-09-03 04:01:18+00:00,20% quantity here
229,1003305711,2024-09-03 04:01:12+00:00,As told ek br me poora mt buy krna
228,1003305711,2024-09-03 04:00:56+00:00,Can consiser skipper ltd for short term 5-10%
227,821640333,2024-09-03 01:26:52+00:00,üëç
226,1003305711,2024-09-02 18:31:49+00:00,"That we can decide only after opening,
I feel this stock will easily give 100% returns if it opens below that hold!"
225,1003305711,2024-09-02 18:31:02+00:00,"ECO Mobility IPO Allotment Out

https://www.linkintime.co.in/Initial_Offer/public-issues.html"
224,821640333,2024-09-02 18:12:49+00:00,"Hii harsh,
I got the IPO of premier energies
So can you help me , whether I Should hold it for 2-3 days for great profit, or should I sell it immediately??"
223,1003305711,2024-09-02 17:40:44+00:00,Apply for Gala ipo!
222,1176521895,2024-09-02 13:51:18+00:00,In NISM research analyst book the dividends are tax free but dividends are taxed right with annual income?
221,1003305711,2024-09-02 13:43:18+00:00,"Bazaar Style IPO Day 2

QIB 140Cr

bHNI 9693 2.41x
sHNI 20799 10.33x
Retail 606864 3.07x

GMP 63 (16%)"
220,6895437578,2024-09-02 09:34:44+00:00,Yes sir?
219,1227698763,2024-09-02 04:51:12+00:00,Should we apply for Gala IPO?
218,1003305711,2024-09-01 15:09:24+00:00,"**Latest GMP
**
Bajaj 58 (Dip after Changes in Shareholder Quota)
Gala 240 (45%)
Premier 507 (113%)
ECOS 160 (48%)"
217,1003305711,2024-08-31 14:04:00+00:00,As retailers you can still apply.
216,802826734,2024-08-31 13:54:53+00:00,?
215,802826734,2024-08-31 13:54:50+00:00,Will we be eligible
214,802826734,2024-08-31 13:54:41+00:00,Sir we have not bought Bajaj stocks can we apply as retailers ?
213,1003305711,2024-08-31 13:52:56+00:00,"**BREAKING**

BAJAJ Housing Finance IPO Confirmed
 Dates 9-11 sept 


RHP Filed on 30 August

Price Band : To Be Announced || Retail Quota : 35%

Shareholder Quota : Upto 10% of Issue

Those who bought Bajaj Finance or Bajaj Finserv till 29 August will be considered Eligible in Shareholder Category"
211,1003305711,2024-08-31 07:53:20+00:00,"Bajaj Housing Finance IPO

Latest GMP 57

Kostak
bHNI 23000
sHNI 7000
Retail 2300
Shareholder 7000

RHP Filing on Monday

Hope everyone has purchased one share of bajaj finance or finsrv"
210,6895437578,2024-08-31 06:37:18+00:00,Yes
209,1003305711,2024-08-31 05:10:01+00:00,In sugar sector only?
208,1003305711,2024-08-31 05:09:46+00:00,"Premier Energies IPO Allotment Out

https://kosmic.kfintech.com/ipostatus/"
207,6895437578,2024-08-30 15:12:00+00:00,What stock would you recommend?
206,6895437578,2024-08-30 15:11:51+00:00,Yes sir
205,1003305711,2024-08-30 14:38:41+00:00,Ethanol news!!
204,5326836592,2024-08-30 12:41:48+00:00,Fundamentally strong
203,5326836592,2024-08-30 12:41:30+00:00,Sir any penny stocks which may give good returns in long term ?
202,6895437578,2024-08-30 07:53:47+00:00,Sir it is said to have an eye on sugar stocks? Any updates on that or any recommendations?
201,6065358211,2024-08-30 06:19:32+00:00,
200,802826734,2024-08-30 05:35:14+00:00,Garware hi tech üí∏
199,1003305711,2024-08-29 17:22:06+00:00,10% achieved here as well!!
198,1003305711,2024-08-29 17:20:51+00:00,15 days (10-12% achieved in both)
197,1003305711,2024-08-29 17:19:31+00:00,"Latest GMP

Premier 431 (New High)
ECOS 153 (46%)
Bazaar 130 (33%)"
196,1003305711,2024-08-29 03:18:46+00:00,Apply for premier energies ipo everyone
195,516403466,2024-08-27 13:36:23+00:00,I was also
194,589424419,2024-08-27 07:50:02+00:00,I have applied
193,516403466,2024-08-27 07:43:37+00:00,sir what about premier energies Ltd. IPO ?
192,1176521895,2024-08-27 07:42:13+00:00,Ok sir
191,1003305711,2024-08-27 07:38:30+00:00,Will check once
190,1176521895,2024-08-27 04:44:03+00:00,Sir there are no sample papers on the nism website
189,1003305711,2024-08-27 03:54:20+00:00,Nism website?
188,1176521895,2024-08-27 03:11:17+00:00,"Sir I am preparing for the nism research analyst exam. I am not able to find  sample exam papers, can you please tell me where I  can find them"
187,5659542370,2024-08-26 04:48:58+00:00,?
186,5659542370,2024-08-26 04:47:51+00:00,The news related to the reliance company is true or fake?
185,5659542370,2024-08-26 04:47:09+00:00,How is IFL enterprise?
184,5992482139,2024-08-26 03:30:39+00:00,Sir any intraday stock suggestion?
183,6012735391,2024-08-23 03:29:46+00:00,üëç
182,1003305711,2024-08-23 03:29:17+00:00,Apply for orient ipo
181,6895437578,2024-08-22 13:02:32+00:00,Sir what updates?
180,1003305711,2024-08-22 06:50:15+00:00,
179,1003305711,2024-08-22 02:51:31+00:00,Do buy one share of bajaj finserv or finance to be eligible for shareholder quota for a new bajaj ipo
178,1003305711,2024-08-21 10:41:38+00:00,"Already discussed one etf 
Mirae asset nifty ev etf 
Industry growth 45% (assumption of fund manager)"
177,5326836592,2024-08-20 17:16:14+00:00,Sir any ETF‚Äôs which may give good returns in future ?
176,6895437578,2024-08-20 15:58:38+00:00,Okay
175,1003305711,2024-08-20 15:47:38+00:00,"Apply for interarch ipo 
25-30% expected premium as of now!!"
174,1003305711,2024-08-20 15:47:21+00:00,Wait for 2nd day
173,6895437578,2024-08-20 15:37:31+00:00,There‚Äôs a company called orient technology jiska ipo aane wala hai what do you think of that sir?
172,5253044895,2024-08-19 04:02:09+00:00,
171,1003305711,2024-08-19 03:09:11+00:00,"Pharma sector me nazar rkho, yaha se ek do stocks achhe milenge"
170,5992482139,2024-08-18 23:25:48+00:00,Sir any stock for today intraday?
169,1385650970,2024-08-18 19:09:06+00:00,
168,5659542370,2024-08-18 19:08:55+00:00,
166,6887787902,2024-08-18 06:34:03+00:00,
165,1003305711,2024-08-16 17:45:23+00:00,"**Saraswati Saree IPO Allotment Out **

https://ipo.bigshareonline.com/IPO_Status.html"
164,1003305711,2024-08-15 07:51:06+00:00,Happy independence day to all of youüáÆüá≥
163,1577919208,2024-08-14 21:11:54+00:00,
162,1003305711,2024-08-14 15:26:39+00:00,"Adding two new stocks in my watchlist 

Nitin spinners 
Lloyds metal and energy"
161,1102046736,2024-08-14 14:12:19+00:00,
160,1003305711,2024-08-14 10:13:55+00:00,Apply for saraswati ipo (very low risk)
158,1003305711,2024-08-14 06:49:00+00:00,"Defence shared are almost 10-20% down! 

That‚Äôs why valuations and risk management is important !! 

Whenever any sector outperforms for a long time a correction is always due!! 

Most of the stocks are showing weakness signs"
157,7146350016,2024-08-14 05:38:30+00:00,
156,516403466,2024-08-13 20:24:14+00:00,
155,1976473031,2024-08-13 15:01:13+00:00,
154,6012735391,2024-08-13 14:45:08+00:00,
153,1003305711,2024-08-13 11:36:54+00:00,
152,1003305711,2024-08-13 07:04:16+00:00,"Kaynes technology looking good for a swing position! 

Let it confirm a breakout 
If it remains above  4600. We can go for a position

Do analyse once!"
151,1003305711,2024-08-13 04:25:07+00:00,Absolutely unexpected openings of both the IPOS!!
150,1003305711,2024-08-12 17:18:35+00:00,Here‚Äôs the link regarding of our latest video on hindenburg
149,1003305711,2024-08-12 17:18:14+00:00,https://www.instagram.com/reel/C-iQa9nvSjp/?igsh=MXAwYWFsZDVyYmRkZQ==
148,1003305711,2024-08-12 17:18:09+00:00,A lot of you have been texting me regarding my insta page -
147,1426261480,2024-08-12 13:50:31+00:00,
146,6280450995,2024-08-12 04:22:10+00:00,
145,1003305711,2024-08-12 04:05:22+00:00,"Hindenburg trapped‚úÖ
Adani shares not down this time as said in the video. 

When these shorts will be covered adani stocks will perform well"
144,887428008,2024-08-11 16:53:39+00:00,
143,778347915,2024-08-11 15:50:00+00:00,
142,5777038938,2024-08-11 14:24:51+00:00,
141,1154578508,2024-08-11 10:54:42+00:00,
140,1965093391,2024-08-11 07:38:15+00:00,
139,1003305711,2024-08-10 17:34:10+00:00,https://www.hindustantimes.com/business/hindenburg-alleges-sebi-chairperson-madhabi-puri-buch-and-husband-owned-stakes-in-adani-offshore-funds-101723308001160-amp.html
138,1003305711,2024-08-10 07:20:52+00:00,"Unicommerce IPO Allotment 

https://linkintime.co.in/initial_offer/public-issues.html"
137,7474896185,2024-08-09 15:05:34+00:00,When will the class start ?
136,1003305711,2024-08-09 14:35:54+00:00,"Noticed!! 

A lot of influencers suddenly talking about Apollo microsystem!! 

An average stock only will come up with detailed analysis!!"
135,1874119840,2024-08-09 14:25:15+00:00,
134,5176672397,2024-08-09 12:59:09+00:00,
133,1905253048,2024-08-09 12:32:00+00:00,
132,1719912377,2024-08-09 06:21:02+00:00,
131,5326836592,2024-08-09 05:44:22+00:00,And allotment link
130,5326836592,2024-08-09 05:44:15+00:00,Sir
129,5326836592,2024-08-09 05:44:13+00:00,Unicommerce solutions
128,5758924395,2024-08-09 01:49:14+00:00,
127,5705363852,2024-08-08 19:25:54+00:00,
126,1003305711,2024-08-08 18:49:34+00:00,"Garware hitech!! 

One of the stock that we identified at very low levels!! 
(Old students will know)


Superb result!!üíØüíØ"
125,1003305711,2024-08-08 18:45:23+00:00,"Latest GMP

firstcry 31 (7%)
Ola -3 (4%)"
124,1809782702,2024-08-08 18:40:41+00:00,
123,5992482139,2024-08-08 18:31:13+00:00,
122,5727908243,2024-08-08 18:15:25+00:00,
121,7335369622,2024-08-08 17:32:40+00:00,
120,6573488188,2024-08-08 16:42:02+00:00,
119,6517252328,2024-08-08 16:36:20+00:00,
118,1634451152,2024-08-08 15:19:53+00:00,
117,1785667601,2024-08-08 14:59:33+00:00,
116,1469282331,2024-08-08 14:52:54+00:00,
115,6064283559,2024-08-08 14:50:09+00:00,
114,7311251753,2024-08-08 14:35:59+00:00,
113,6713860449,2024-08-08 14:35:29+00:00,
112,6060494087,2024-08-08 14:28:13+00:00,
111,1683601595,2024-08-08 14:25:19+00:00,
110,6068307209,2024-08-08 14:24:38+00:00,
109,1190307354,2024-08-08 14:23:43+00:00,
108,7042408438,2024-08-08 14:23:23+00:00,
107,1476474198,2024-08-08 14:22:55+00:00,
106,6046426468,2024-08-08 14:22:35+00:00,
105,1243494783,2024-08-08 14:21:53+00:00,
104,7474896185,2024-08-08 14:21:25+00:00,
103,6505683508,2024-08-08 14:21:06+00:00,
102,5760370693,2024-08-08 14:20:36+00:00,
101,7217512593,2024-08-08 14:19:38+00:00,
100,1582201189,2024-08-08 14:18:18+00:00,
99,5146627212,2024-08-08 14:18:10+00:00,
98,6068676089,2024-08-08 14:17:55+00:00,
97,1619998830,2024-08-08 14:17:40+00:00,
96,5207411424,2024-08-08 14:17:36+00:00,
95,5733774887,2024-08-08 14:17:34+00:00,
94,802826734,2024-08-08 14:17:30+00:00,
93,6645097940,2024-08-08 14:17:28+00:00,
92,5867344619,2024-08-08 14:17:26+00:00,
91,5608137202,2024-08-08 14:17:26+00:00,
90,7268213437,2024-08-08 14:17:25+00:00,
89,2098258614,2024-08-08 14:17:21+00:00,
88,6265259762,2024-08-08 08:27:22+00:00,
87,709649182,2024-08-08 08:21:05+00:00,
86,1003305711,2024-08-08 07:30:30+00:00,Apply (little risk)
85,5482982410,2024-08-08 06:53:43+00:00,
84,5326836592,2024-08-08 06:46:35+00:00,..
83,5835971514,2024-08-08 04:29:28+00:00,
82,6825440208,2024-08-08 01:23:42+00:00,
81,5544221484,2024-08-07 19:07:46+00:00,
80,5448504276,2024-08-07 18:58:02+00:00,
79,1333140499,2024-08-07 15:32:43+00:00,
78,1040834094,2024-08-07 13:15:19+00:00,
77,1003305711,2024-08-07 13:10:57+00:00,Will check latest premiums once
76,5640894228,2024-08-07 12:15:23+00:00,
75,5758389679,2024-08-07 12:06:44+00:00,
74,5758389679,2024-08-07 12:06:33+00:00,
73,5326836592,2024-08-07 10:31:04+00:00,Sir can we apply for Unicommerce e solutions ipo
72,5326836592,2024-08-07 10:27:26+00:00,
71,1003305711,2024-08-07 08:49:24+00:00,Its safer than direct stocks!!
70,1003305711,2024-08-07 08:49:02+00:00,"Mirae asset nifty EV etf looks great for investment purpose of 1-2 year! 

Considering the growth in EV sector - statements by Nitin gadkari claims that this sector will grow by almost 45% we can consider a growth rate of 25% for our investment purpose!!!"
69,1063004355,2024-08-07 08:07:21+00:00,
68,897447941,2024-08-07 08:01:06+00:00,
67,1162031275,2024-08-07 07:58:13+00:00,
66,7270374264,2024-08-07 07:56:34+00:00,
65,1003305711,2024-08-07 07:55:05+00:00,
64,1003305711,2024-08-07 07:44:13+00:00,"Hello everyone, 
Market looks good today! Can see strength in todays market!"
63,589424419,2024-08-07 07:40:21+00:00,
62,1886806397,2024-08-07 07:40:08+00:00,
61,1754476340,2024-08-07 07:18:41+00:00,
60,6104056339,2024-08-07 05:13:35+00:00,
59,6281986713,2024-08-07 03:03:34+00:00,
58,6169655076,2024-08-06 17:43:18+00:00,
57,638140446,2024-08-06 17:09:20+00:00,
56,1201508749,2024-08-06 16:51:23+00:00,
55,1389244997,2024-08-06 16:25:04+00:00,
54,735129015,2024-08-06 16:23:21+00:00,
53,1255581610,2024-08-06 16:18:01+00:00,
52,6060241698,2024-08-06 15:58:23+00:00,
51,6834573556,2024-08-06 15:37:16+00:00,
50,1258717643,2024-08-06 15:36:18+00:00,
49,6038249993,2024-08-06 15:29:06+00:00,
48,1030718841,2024-08-06 15:18:39+00:00,
47,5009288889,2024-08-06 14:53:56+00:00,
46,1334809354,2024-08-06 14:47:47+00:00,
45,821640333,2024-08-06 14:47:24+00:00,
44,6526967810,2024-08-06 14:46:56+00:00,
43,867818606,2024-08-06 14:32:25+00:00,
42,5759531802,2024-08-06 14:26:36+00:00,
41,6129410892,2024-08-06 14:19:49+00:00,
40,1826286838,2024-08-06 14:18:24+00:00,
39,6895437578,2024-08-06 14:12:13+00:00,
38,1808517936,2024-08-06 14:11:50+00:00,
37,1300614536,2024-08-06 14:05:54+00:00,
36,1630435674,2024-08-06 13:58:19+00:00,
35,6186725564,2024-08-06 13:58:05+00:00,
34,5265653898,2024-08-06 13:53:47+00:00,
33,1714676654,2024-08-06 13:51:57+00:00,
32,1172672744,2024-08-06 13:48:27+00:00,
31,1176521895,2024-08-06 13:48:02+00:00,
30,1391264531,2024-08-06 13:47:41+00:00,
29,1653408696,2024-08-06 13:46:18+00:00,
28,1870410490,2024-08-06 13:45:43+00:00,
27,1937052276,2024-08-06 13:44:25+00:00,
26,7019622294,2024-08-06 13:44:12+00:00,
25,5389748437,2024-08-06 13:43:45+00:00,
24,5838826419,2024-08-06 13:42:38+00:00,
23,1079084474,2024-08-06 13:42:03+00:00,
22,1811947313,2024-08-06 13:42:00+00:00,
21,1434482347,2024-08-06 13:41:50+00:00,
20,1236550384,2024-08-06 13:41:48+00:00,
19,1395457265,2024-08-06 13:41:43+00:00,
18,1287197021,2024-08-06 13:41:28+00:00,
17,6845668236,2024-08-06 13:41:28+00:00,
16,908651886,2024-08-06 13:41:15+00:00,
15,6054471404,2024-08-06 13:38:33+00:00,
14,595816397,2024-08-06 13:35:32+00:00,
13,5925998115,2024-08-06 13:33:54+00:00,
12,1267256146,2024-08-06 13:33:10+00:00,
11,5097144951,2024-08-06 13:33:08+00:00,
10,5795543594,2024-08-06 13:32:27+00:00,
9,837746536,2024-08-06 13:31:46+00:00,
8,2053872593,2024-08-06 13:31:39+00:00,
7,5019676634,2024-08-06 13:31:25+00:00,
6,708642390,2024-08-06 13:30:34+00:00,
5,6893962731,2024-08-06 13:30:29+00:00,
4,1722202486,2024-08-06 13:30:28+00:00,
3,6149260794,2024-08-06 13:30:21+00:00,
2,,2024-08-06 13:24:05+00:00,
1,,2024-08-06 13:16:12+00:00,
